{
	"format_version": "1.8.0",
	"animations": {
		"move.walk": {
			"loop": true,
			"animation_length": 5.7692,
			"bones": {
				"torso": {
					"rotation": {
						"0.0": {
							"vector": [0, 0, 0]
						},
						"0.9615": {
							"vector": [0, 5, 0]
						},
						"1.4423": {
							"vector": [0, 0, 0]
						},
						"1.9231": {
							"vector": [0, -5, 0]
						},
						"2.8846": {
							"vector": [0, 0, 0]
						},
						"3.3654": {
							"vector": [0, 5, 0]
						},
						"4.3269": {
							"vector": [0, 0, 0]
						},
						"4.8077": {
							"vector": [0, -5, 0]
						},
						"5.7692": {
							"vector": [0, 0, 0]
						}
					},
					"position": {
						"0.0": {
							"vector": [0, 0, 0]
						},
						"0.4808": {
							"vector": [0, 0.25, 0]
						},
						"1.4423": {
							"vector": [0, 0, 0]
						},
						"1.9231": {
							"vector": [0, 0.25, 0]
						},
						"2.8846": {
							"vector": [0, 0, 0]
						},
						"3.3654": {
							"vector": [0, 0.25, 0]
						},
						"4.3269": {
							"vector": [0, 0, 0]
						},
						"4.8077": {
							"vector": [0, 0.25, 0]
						},
						"5.7692": {
							"vector": [0, 0, 0]
						}
					}
				},
				"right_arm": {
					"rotation": {
						"0.0": {
							"vector": [0, 0, 2.5]
						},
						"0.9615": {
							"vector": [-40.67815, -9.54385, 10.61019],
							"easing": "linear"
						},
						"1.4423": {
							"vector": [0, 0, 2.5],
							"easing": "linear"
						},
						"2.4038": {
							"vector": [40.24258, 5.73853, 2.33711],
							"easing": "linear"
						},
						"2.8846": {
							"vector": [0, 0, 2.5]
						},
						"3.8462": {
							"vector": [-40.67815, -9.54385, 10.61019],
							"easing": "linear"
						},
						"4.3269": {
							"vector": [0, 0, 2.5],
							"easing": "linear"
						},
						"5.2885": {
							"vector": [40.24258, 5.73853, 2.33711],
							"easing": "linear"
						},
						"5.7692": {
							"vector": [0, 0, 2.5],
							"easing": "linear"
						}
					}
				},
				"left_arm": {
					"rotation": {
						"0.0": {
							"vector": [-0.22, 1.9, -6.47]
						},
						"0.9615": {
							"vector": [40.24258, -5.7385, -2.3371],
							"easing": "linear"
						},
						"2.4038": {
							"vector": [-40.67815, 9.5438, -10.6102],
							"easing": "linear"
						},
						"3.8462": {
							"vector": [40.24258, -5.7385, -2.3371],
							"easing": "linear"
						},
						"5.2885": {
							"vector": [-40.67815, 9.5438, -10.6102],
							"easing": "linear"
						},
						"5.7692": {
							"vector": [-0.22, 1.9, -6.47],
							"easing": "linear"
						}
					}
				},
				"right_leg": {
					"rotation": {
						"0.0": {
							"vector": [0, 0, 0]
						},
						"0.9615": {
							"vector": [20, 0, 0]
						},
						"1.4423": {
							"vector": [0, 0, 0]
						},
						"1.9231": {
							"vector": [-25, 0, 0]
						},
						"2.4038": {
							"vector": [-7.5, 0, 0]
						},
						"2.8846": {
							"vector": [0, 0, 0]
						},
						"3.8462": {
							"vector": [20, 0, 0]
						},
						"4.3269": {
							"vector": [0, 0, 0]
						},
						"4.8077": {
							"vector": [-25, 0, 0]
						},
						"5.2885": {
							"vector": [-7.5, 0, 0]
						},
						"5.7692": {
							"vector": [0, 0, 0]
						}
					},
					"position": {
						"0.0": {
							"vector": [0, 0, 0]
						},
						"0.9615": {
							"vector": [0, 0, 1.5]
						},
						"1.4423": {
							"vector": [0, 1, 0]
						},
						"1.9231": {
							"vector": [0, 2, -2],
							"easing": "linear"
						},
						"2.4038": {
							"vector": [0, 0, -2]
						},
						"2.8846": {
							"vector": [0, 0, 0]
						},
						"3.8462": {
							"vector": [0, 0, 1.5]
						},
						"4.3269": {
							"vector": [0, 1, 0]
						},
						"4.8077": {
							"vector": [0, 2, -2],
							"easing": "linear"
						},
						"5.2885": {
							"vector": [0, 0, -2]
						},
						"5.7692": {
							"vector": [0, 0, 0]
						}
					}
				},
				"left_leg": {
					"rotation": {
						"0.0": {
							"vector": [0, 0, 0]
						},
						"0.4808": {
							"vector": [-25, 0, 0],
							"easing": "linear"
						},
						"0.9615": {
							"vector": [-7.5, 0, 0],
							"easing": "linear"
						},
						"1.4423": {
							"vector": [0, 0, 0],
							"easing": "linear"
						},
						"2.4038": {
							"vector": [20, 0, 0],
							"easing": "linear"
						},
						"2.8846": {
							"vector": [0, 0, 0],
							"easing": "linear"
						},
						"3.3654": {
							"vector": [-25, 0, 0],
							"easing": "linear"
						},
						"3.8462": {
							"vector": [-7.5, 0, 0],
							"easing": "linear"
						},
						"4.3269": {
							"vector": [0, 0, 0],
							"easing": "linear"
						},
						"5.2885": {
							"vector": [20, 0, 0],
							"easing": "linear"
						},
						"5.7692": {
							"vector": [0, 0, 0],
							"easing": "linear"
						}
					},
					"position": {
						"0.0": {
							"vector": [0, 1, 0]
						},
						"0.4808": {
							"vector": [0, 2, -2],
							"easing": "linear"
						},
						"0.9615": {
							"vector": [0, 0, -2],
							"easing": "linear"
						},
						"1.4423": {
							"vector": [0, 0, 0],
							"easing": "linear"
						},
						"2.4038": {
							"vector": [0, 0, 1.5],
							"easing": "linear"
						},
						"2.8846": {
							"vector": [0, 1, 0],
							"easing": "linear"
						},
						"3.3654": {
							"vector": [0, 2, -2],
							"easing": "linear"
						},
						"3.8462": {
							"vector": [0, 0, -2],
							"easing": "linear"
						},
						"4.3269": {
							"vector": [0, 0, 0],
							"easing": "linear"
						},
						"5.2885": {
							"vector": [0, 0, 1.5],
							"easing": "linear"
						},
						"5.7692": {
							"vector": [0, 1, 0],
							"easing": "linear"
						}
					}
				}
			}
		},
		"move.run": {
			"loop": true,
			"animation_length": 1.5,
			"bones": {
				"head": {
					"position": {
						"0.0": {
							"vector": [0, 1, -2]
						},
						"0.375": {
							"vector": [0, 0, -2]
						},
						"0.75": {
							"vector": [0, 1, -2]
						},
						"1.125": {
							"vector": [0, 0, -2]
						},
						"1.5": {
							"vector": [0, 1, -2]
						}
					}
				},
				"torso": {
					"rotation": {
						"0.0": {
							"vector": [10.08453, 7.3854, 1.3096]
						},
						"0.75": {
							"vector": [10.08453, -7.3854, -1.30962]
						},
						"1.5": {
							"vector": [10.08453, 7.3854, 1.3096]
						}
					},
					"position": {
						"0.0": {
							"vector": [0, 1, -2]
						},
						"0.375": {
							"vector": [0, 0, -2]
						},
						"0.75": {
							"vector": [0, 1, -2]
						},
						"1.125": {
							"vector": [0, 0, -2]
						},
						"1.5": {
							"vector": [0, 1, -2]
						}
					}
				},
				"right_arm": {
					"rotation": {
						"0.0": {
							"vector": [69.55418, -11.7351, 4.3361]
						},
						"0.75": {
							"vector": [-72.48435, -2.3842, -0.7522]
						},
						"1.5": {
							"vector": [69.55418, -11.7351, 4.3361]
						}
					},
					"position": {
						"0.0": {
							"vector": [0, 1, -2]
						},
						"0.375": {
							"vector": [0, 0, -2]
						},
						"0.75": {
							"vector": [0, 1, -2]
						},
						"1.125": {
							"vector": [0, 0, -2]
						},
						"1.5": {
							"vector": [0, 1, -2]
						}
					}
				},
				"left_arm": {
					"rotation": {
						"0.0": {
							"vector": [-72.48435, 2.38424, 0.75218]
						},
						"0.75": {
							"vector": [69.55418, 11.73507, -4.3361]
						},
						"1.5": {
							"vector": [-72.48435, 2.38424, 0.75218]
						}
					},
					"position": {
						"0.0": {
							"vector": [0, 1, -2]
						},
						"0.375": {
							"vector": [0, 0, -2]
						},
						"0.75": {
							"vector": [0, 1, -2]
						},
						"1.125": {
							"vector": [0, 0, -2]
						},
						"1.5": {
							"vector": [0, 1, -2]
						}
					}
				},
				"right_leg": {
					"rotation": {
						"0.0": {
							"vector": [-32.5, 0, 0]
						},
						"0.5": {
							"vector": [-2.5, 0, 0]
						},
						"0.75": {
							"vector": [75, 0, 0]
						},