{
	"format_version": "1.8.0",
	"animations": {
		"move.run": {
			"loop": true,
			"animation_length": 1.5,
			"bones": {
				"torso": {
					"rotation": {
						"0.0": {
							"vector": [10.08453, 7.3854, 1.3096]
						},
						"0.75": {
							"vector": [10.08453, -7.3854, -1.30962]
						},
						"1.5": {
							"vector": [10.08453, 7.3854, 1.3096]
						}
					},
					"position": {
						"0.0": {
							"vector": [0, 1, -2]
						},
						"0.375": {
							"vector": [0, 0, -2]
						},
						"0.75": {
							"vector": [0, 1, -2]
						},
						"1.125": {
							"vector": [0, 0, -2]
						},
						"1.5": {
							"vector": [0, 1, -2]
						}
					}
				},
				"right_arm": {
					"rotation": {
						"0.0": {
							"vector": [69.55418, -11.7351, 4.3361]
						},
						"0.75": {
							"vector": [-72.48435, -2.3842, -0.7522]
						},
						"1.5": {
							"vector": [69.55418, -11.7351, 4.3361]
						}
					},
					"position": {
						"0.0": {
							"vector": [0, 1, -2]
						},
						"0.375": {
							"vector": [0, 0, -2]
						},
						"0.75": {
							"vector": [0, 1, -2]
						},
						"1.125": {
							"vector": [0, 0, -2]
						},
						"1.5": {
							"vector": [0, 1, -2]
						}
					}
				},
				"left_arm": {
					"rotation": {
						"0.0": {
							"vector": [-72.48435, 2.38424, 0.75218]
						},
						"0.75": {
							"vector": [69.55418, 11.73507, -4.3361]
						},
						"1.5": {
							"vector": [-72.48435, 2.38424, 0.75218]
						}
					},
					"position": {
						"0.0": {
							"vector": [0, 1, -2]
						},
						"0.375": {
							"vector": [0, 0, -2]
						},
						"0.75": {
							"vector": [0, 1, -2]
						},
						"1.125": {
							"vector": [0, 0, -2]
						},
						"1.5": {
							"vector": [0, 1, -2]
						}
					}
				}
			}
		},
		"move.walk": {
			"loop": true,
			"animation_length": 2.5747,
			"bones": {
				"torso": {
					"rotation": {
						"0.0": {
							"vector": [10.08453, 7.3854, 1.3096]
						},
						"1.3028": {
							"vector": [10.08453, -7.3854, -1.30962]
						},
						"2.5661": {
							"vector": [10.08453, 7.3854, 1.3096]
						}
					},
					"position": {
						"0.0": {
							"vector": [0, 1, -2]
						},
						"0.6317": {
							"vector": [0, 0, -2]
						},
						"1.3028": {
							"vector": [0, 1, -2]
						},
						"1.9345": {
							"vector": [0, 0, -2]
						},
						"2.5661": {
							"vector": [0, 1, -2]
						}
					}
				},
				"right_arm": {
					"rotation": {
						"0.0": {
							"vector": [69.55418, -11.7351, 4.3361]
						},
						"1.3028": {
							"vector": [-72.48435, -2.3842, -0.7522]
						},
						"2.5661": {
							"vector": [69.55418, -11.7351, 4.3361]
						}
					},
					"position": {
						"0.0": {
							"vector": [0, 1, -2]
						},
						"0.6317": {
							"vector": [0, 0, -2]
						},
						"1.3028": {
							"vector": [0, 1, -2]
						},
						"1.9345": {
							"vector": [0, 0, -2]
						},
						"2.5661": {
							"vector": [0, 1, -2]
						}
					}
				},
				"left_arm": {
					"rotation": {
						"0.0": {
							"vector": [-72.48435, 2.38424, 0.75218]
						},
						"1.3028": {
							"vector": [69.55418, 11.73507, -4.3361]
						},
						"2.5661": {
							"vector": [-72.48435, 2.38424, 0.75218]
						}
					},
					"position": {
						"0.0": {
							"vector": [0, 1, -2]
						},
						"0.6317": {
							"vector": [0, 0, -2]
						},
						"1.3028": {
							"vector": [0, 1, -2]
						},
						"1.9345": {
							"vector": [0, 0, -2]
						},
						"2.5661": {
							"vector": [0, 1, -2]
						}
					}
				}
			}
		},
		"move.sneak": {
			"loop": "hold_on_last_frame",
			"animation_length": 0.1667,
			"bones": {
				"body": {
					"rotation": {
						"vector": [0, 0, 0]
					},
					"position": {
						"0.0": {
							"vector": [0, 0, 0]
						},
						"0.0833": {
							"vector": [0, -10, 0]
						}
					}
				},
				"left_leg": {
					"scale": {
						"0.0": {
							"vector": [1, 1, 1]
						},
						"0.0833": {
							"vector": [1, 0.1, 1]
						}
					}
				},
				"right_leg": {
					"scale": {
						"0.0": {
							"vector": [1, 1, 1]
						},
						"0.0833": {
							"vector": [1, 0.1, 1]
						}
					}
				}
			}
		},
		"misc.idle": {
			"loop": true,
			"animation_length": 4,
			"bones": {
				"head": {
					"position": {
						"0.0": {
							"vector": [0, 0, 0]
						},
						"2.0": {
							"vector": [0, 0.3, 0],
							"easing": "linear"
						},
						"4.0": {
							"vector": [0, 0, 0]
						}
					}
				},
				"torso": {
					"position": {
						"0.0": {
							"vector": [0, 0, 0]
						},
						"2.0": {
							"vector": [0, 0.15, 0]
						},
						"4.0": {
							"vector": [0, 0, 0]
						}
					}
				},
				"right_arm": {
					"rotation": {
						"0.0": {
							"vector": [0, 0, 0]
						},
						"1.0": {
							"vector": [-4, 0, 1.5],
							"easing": "linear"
						},
						"2.0": {
							"vector": [0, 0, 3],
							"easing": "linear"
						},
						"3.0": {
							"vector": [4, 0, 1.5],
							"easing": "linear"
						},
						"4.0": {
							"vector": [0, 0, 0],
							"easing": "linear"
						}
					},
					"position": {
						"0.0": {
							"vector": [0, 0, 0]
						},
						"2.0": {
							"vector": [0, 0.15, 0]
						},
						"4.0": {
							"vector": [0, 0, 0]
						}
					}
				},
				"left_arm": {
					"rotation": {
						"0.0": {
							"vector": [0, 0, 0]
						},
						"1.0": {
							"vector": [4, 0, -1.5],
							"easing": "linear"
						},
						"2.0": {
							"vector": [0, 0, -3],
							"easing": "linear"
						},
						"3.0": {
							"vector": [-4, 0, -1.5],
							"easing": "linear"
						},
						"4.0": {
							"vector": [0, 0, 0],
							"easing": "linear"
						}
					},
					"position": {
						"0.0": {
							"vector": [0, 0, 0]
						},
						"2.0": {
							"vector": [0, 0.15, 0]
						},
						"4.0": {
							"vector": [0, 0, 0]
						}
					}
				}
			}
		}
	},
	"geckolib_format_version": 2
}